ra,dec
135.3757694797566,-1.6633202976420445