ra,dec
135.420606,  -1.613274
135.3757694797566, -1.6633202976420445