ra,dec
135.420606,-1.613274