ra,dec
37.921574,  -4.882613