ra,dec
37.93594866832671, -4.886000350230533