ra,dec
37.921574,  -4.882613
37.93594866832671, -4.886000350230533